﻿<?xml version="1.0"?>
<doc>
<assembly>
<name>
Vecute
</name>
</assembly>
<members>
<member name="M:Vecute.uk.ac.ebi.www.WSNCBIBlastService.#ctor">
	<remarks/>
</member><member name="E:Vecute.uk.ac.ebi.www.WSNCBIBlastService.runNCBIBlastCompleted">
	<remarks/>
</member><member name="E:Vecute.uk.ac.ebi.www.WSNCBIBlastService.checkStatusCompleted">
	<remarks/>
</member><member name="E:Vecute.uk.ac.ebi.www.WSNCBIBlastService.pollCompleted">
	<remarks/>
</member><member name="E:Vecute.uk.ac.ebi.www.WSNCBIBlastService.getResultsCompleted">
	<remarks/>
</member><member name="E:Vecute.uk.ac.ebi.www.WSNCBIBlastService.testCompleted">
	<remarks/>
</member><member name="E:Vecute.uk.ac.ebi.www.WSNCBIBlastService.getIdsCompleted">
	<remarks/>
</member><member name="M:Vecute.uk.ac.ebi.www.WSNCBIBlastService.runNCBIBlast(Vecute.uk.ac.ebi.www.inputParams,Vecute.uk.ac.ebi.www.data[])">
	<remarks/>
</member><member name="M:Vecute.uk.ac.ebi.www.WSNCBIBlastService.runNCBIBlastAsync(Vecute.uk.ac.ebi.www.inputParams,Vecute.uk.ac.ebi.www.data[])">
	<remarks/>
</member><member name="M:Vecute.uk.ac.ebi.www.WSNCBIBlastService.runNCBIBlastAsync(Vecute.uk.ac.ebi.www.inputParams,Vecute.uk.ac.ebi.www.data[],System.Object)">
	<remarks/>
</member><member name="M:Vecute.uk.ac.ebi.www.WSNCBIBlastService.checkStatus(System.String)">
	<remarks/>
</member><member name="M:Vecute.uk.ac.ebi.www.WSNCBIBlastService.checkStatusAsync(System.String)">
	<remarks/>
</member><member name="M:Vecute.uk.ac.ebi.www.WSNCBIBlastService.checkStatusAsync(System.String,System.Object)">
	<remarks/>
</member><member name="M:Vecute.uk.ac.ebi.www.WSNCBIBlastService.poll(System.String,System.String)">
	<remarks/>
</member><member name="M:Vecute.uk.ac.ebi.www.WSNCBIBlastService.pollAsync(System.String,System.String)">
	<remarks/>
</member><member name="M:Vecute.uk.ac.ebi.www.WSNCBIBlastService.pollAsync(System.String,System.String,System.Object)">
	<remarks/>
</member><member name="M:Vecute.uk.ac.ebi.www.WSNCBIBlastService.getResults(System.String)">
	<remarks/>
</member><member name="M:Vecute.uk.ac.ebi.www.WSNCBIBlastService.getResultsAsync(System.String)">
	<remarks/>
</member><member name="M:Vecute.uk.ac.ebi.www.WSNCBIBlastService.getResultsAsync(System.String,System.Object)">
	<remarks/>
</member><member name="M:Vecute.uk.ac.ebi.www.WSNCBIBlastService.test(System.String,System.String)">
	<remarks/>
</member><member name="M:Vecute.uk.ac.ebi.www.WSNCBIBlastService.testAsync(System.String,System.String)">
	<remarks/>
</member><member name="M:Vecute.uk.ac.ebi.www.WSNCBIBlastService.testAsync(System.String,System.String,System.Object)">
	<remarks/>
</member><member name="M:Vecute.uk.ac.ebi.www.WSNCBIBlastService.getIds(System.String)">
	<remarks/>
</member><member name="M:Vecute.uk.ac.ebi.www.WSNCBIBlastService.getIdsAsync(System.String)">
	<remarks/>
</member><member name="M:Vecute.uk.ac.ebi.www.WSNCBIBlastService.getIdsAsync(System.String,System.Object)">
	<remarks/>
</member><member name="M:Vecute.uk.ac.ebi.www.WSNCBIBlastService.CancelAsync(System.Object)">
	<remarks/>
</member><member name="T:Vecute.uk.ac.ebi.www.WSNCBIBlastService">
	<remarks/>
</member><member name="P:Vecute.uk.ac.ebi.www.inputParams.program">
	<remarks/>
</member><member name="P:Vecute.uk.ac.ebi.www.inputParams.database">
	<remarks/>
</member><member name="P:Vecute.uk.ac.ebi.www.inputParams.matrix">
	<remarks/>
</member><member name="P:Vecute.uk.ac.ebi.www.inputParams.exp">
	<remarks/>
</member><member name="P:Vecute.uk.ac.ebi.www.inputParams.filter">
	<remarks/>
</member><member name="P:Vecute.uk.ac.ebi.www.inputParams.numal">
	<remarks/>
</member><member name="P:Vecute.uk.ac.ebi.www.inputParams.scores">
	<remarks/>
</member><member name="P:Vecute.uk.ac.ebi.www.inputParams.align">
	<remarks/>
</member><member name="P:Vecute.uk.ac.ebi.www.inputParams.gapalign">
	<remarks/>
</member><member name="P:Vecute.uk.ac.ebi.www.inputParams.match">
	<remarks/>
</member><member name="P:Vecute.uk.ac.ebi.www.inputParams.mismatch">
	<remarks/>
</member><member name="P:Vecute.uk.ac.ebi.www.inputParams.extendgap">
	<remarks/>
</member><member name="P:Vecute.uk.ac.ebi.www.inputParams.opengap">
	<remarks/>
</member><member name="P:Vecute.uk.ac.ebi.www.inputParams.dropoff">
	<remarks/>
</member><member name="P:Vecute.uk.ac.ebi.www.inputParams.async">
	<remarks/>
</member><member name="P:Vecute.uk.ac.ebi.www.inputParams.email">
	<remarks/>
</member><member name="T:Vecute.uk.ac.ebi.www.inputParams">
	<remarks/>
</member><member name="P:Vecute.uk.ac.ebi.www.WSFile.type">
	<remarks/>
</member><member name="P:Vecute.uk.ac.ebi.www.WSFile.ext">
	<remarks/>
</member><member name="T:Vecute.uk.ac.ebi.www.WSFile">
	<remarks/>
</member><member name="P:Vecute.uk.ac.ebi.www.data.type">
	<remarks/>
</member><member name="P:Vecute.uk.ac.ebi.www.data.content">
	<remarks/>
</member><member name="T:Vecute.uk.ac.ebi.www.data">
	<remarks/>
</member><member name="T:Vecute.uk.ac.ebi.www.runNCBIBlastCompletedEventHandler">
	<remarks/>
</member><member name="P:Vecute.uk.ac.ebi.www.runNCBIBlastCompletedEventArgs.Result">
	<remarks/>
</member><member name="T:Vecute.uk.ac.ebi.www.runNCBIBlastCompletedEventArgs">
	<remarks/>
</member><member name="T:Vecute.uk.ac.ebi.www.checkStatusCompletedEventHandler">
	<remarks/>
</member><member name="P:Vecute.uk.ac.ebi.www.checkStatusCompletedEventArgs.Result">
	<remarks/>
</member><member name="T:Vecute.uk.ac.ebi.www.checkStatusCompletedEventArgs">
	<remarks/>
</member><member name="T:Vecute.uk.ac.ebi.www.pollCompletedEventHandler">
	<remarks/>
</member><member name="P:Vecute.uk.ac.ebi.www.pollCompletedEventArgs.Result">
	<remarks/>
</member><member name="T:Vecute.uk.ac.ebi.www.pollCompletedEventArgs">
	<remarks/>
</member><member name="T:Vecute.uk.ac.ebi.www.getResultsCompletedEventHandler">
	<remarks/>
</member><member name="P:Vecute.uk.ac.ebi.www.getResultsCompletedEventArgs.Result">
	<remarks/>
</member><member name="T:Vecute.uk.ac.ebi.www.getResultsCompletedEventArgs">
	<remarks/>
</member><member name="T:Vecute.uk.ac.ebi.www.testCompletedEventHandler">
	<remarks/>
</member><member name="P:Vecute.uk.ac.ebi.www.testCompletedEventArgs.Result">
	<remarks/>
</member><member name="T:Vecute.uk.ac.ebi.www.testCompletedEventArgs">
	<remarks/>
</member><member name="T:Vecute.uk.ac.ebi.www.getIdsCompletedEventHandler">
	<remarks/>
</member><member name="P:Vecute.uk.ac.ebi.www.getIdsCompletedEventArgs.Result">
	<remarks/>
</member><member name="T:Vecute.uk.ac.ebi.www.getIdsCompletedEventArgs">
	<remarks/>
</member><member name="P:Vecute.My.Resources.Resources.ResourceManager">
	<summary>
  返回此类使用的缓存 ResourceManager 实例。
</summary>
</member><member name="P:Vecute.My.Resources.Resources.Culture">
	<summary>
  为使用此强类型资源类的所有资源查找
  重写当前线程的 CurrentUICulture 属性。
</summary>
</member><member name="T:Vecute.My.Resources.Resources">
	<summary>
  强类型资源类，用于查找本地化字符串等。
</summary>
</member>
</members>
</doc>